{"cameraMode":{"drawMode":0,"name":"Shaded","section":"Shading Mode"},"sceneLighting":true,"audioPlay":false,"sceneViewState":{"showFog":true,"showMaterialUpdate":false,"showSkybox":true,"showFlares":true,"showImageEffects":true,"showParticleSystems":true},"in2DMode":false,"pivot":{"x":-4.94244384765625,"y":7.166975021362305,"z":-1.6786041259765626},"rotation":{"x":0.27045950293540957,"y":0.34387558698654177,"z":-0.1040705144405365,"w":0.8932142853736877},"size":3.2660250663757326,"orthographic":false}